,0,1,2,3,4,5,6,7,8,9,10,11,12,13,14,15,16,17,18,19,20,21,22,23,24,25,26,27,28,29,30,31,32
0, Печать д.45 мм на оснастке GRM 46045 Hummer,,,,,,,,,,,1.0,900.0,1.0,900.0,,,,,1.0,900.0,1.0,900.0,,,,,,,,,,
1,Brauberg Блок пастельный самоклеящийся цвет светло-зеленый 76 х 76 мм 100 листов,,,,,,,,,,,400.0,15840.0,,,400.0,15840.0,400.0,15840.0,,,400.0,15840.0,,,,,,,,,,
2,АКБ 12В 7Ач,,,,,,,,,,,,,,,,,,,,,,,,,,,1.0,225.0,1.0,225.0,,
3,Адаптер магнитный цельнометаллический для бит 60мм (50/300) БИБЕР 84950,,,,,,,,,,,,,,,,,,,,,,,,,,,5.0,1766.1,,,5.0,1766.1
4,Акриловая двухсторонняя монтажная лента 3М 20мм*3м,,,,,,,,,,,,,,,,,,,,,,,,,,,1.0,759.0,1.0,759.0,,
5,Аптечка для оказания первой помощи работникам (пластиковый шкаф 250мм*300мм*110мм) ФЭСТ.(Изготовлена в соответствии с Приказов Минздравсоцразвития РФ,13.0,10580.83,,,,,13.0,10580.83,13.0,10580.83,,,,,13.0,10580.83,13.0,10580.83,,,,,13.0,10580.83,13.0,10580.83,,,,,13.0,10580.83
6,"Батарейки КОМПЛЕКТ 12 шт., DURACELL Uitra,АА (LR06,15А), алкалиновые, пальчиковые, блистер",,,,,,,,,,,,,,,,,,,5.0,3547.4,5.0,3547.4,,,,,,,,,,
7,"Батарейки КОМПЛЕКТ DURACELL Basic, 6LR61 (Крона), Alkaline, 1шт., в блистере, 9В",,,,,,,,,,,,,,,,,,,9.0,2351.52,9.0,2351.52,,,,,,,,,,
8,"Батарейки КОМПЛЕКТ DURACELL Uitra Power,ААА (LR03,24А), алкалиновые, КОМПЛЕКТ 12 шт., в блистере",,,,,,,,,,,,,,,,,,,5.0,3452.8,5.0,3452.8,,,,,,,,,,
9,"Бланк «Письмо» (А4), тираж свыше 2000 экз.",15000.0,37500.0,,,15000.0,37500.0,,,,,,,,,,,,,,,,,,,,,,,,,,
10,"Бланк «Приказ» (А4), тираж свыше 2000 экз.",8000.0,20000.0,,,8000.0,20000.0,,,,,,,,,,,,,,,,,,,,,,,,,,
11,Блок питания РИП-12 исп. 20 (РИП-12-1/7М2-P),,,,,,,,,,,,,,,,,,,,,,,,,,,1.0,2144.0,1.0,2144.0,,
12,"Блок самоклеящийся (стикер) BRAUBERG, 76х76 мм, 100 л., желтый",,,,,,,,,,,500.0,19800.0,500.0,19800.0,,,,,,,,,,,,,,,,,,
13,"Блок самоклеящийся (стикеры) BRAUBERG, пастельный, 76х76 мм, 100 листов голубой",,,,,,,,,,,400.0,15840.0,400.0,15840.0,,,,,,,,,,,,,,,,,,
14,"Блокнот А5 (146х205мм) ,80л.гребень,картон жесткая подложка ,клетка,BRAUBERG ""Стильный"".129818",,,,,,,,,,,250.0,17820.0,250.0,17820.0,,,,,,,,,,,,,,,,,,
15,"Блокнот А5 60 л ""Stenography"", спираль, офсет, клетка, обложка картон",,,,,,,,,,,,,,,,,,,,,,,,,,,200.0,7870.0,200.0,7870.0,,
16,Ботинки Трейл Фриз МПШ шерстяной мех размер 40,,,,,,,,,,,,,,,,,,,1.0,2967.0,1.0,2967.0,,,,,,,,,,
17,Ботинки Трейл Фриз МПШ шерстяной мех размер 42,,,,,,,,,,,,,,,,,,,3.0,8901.0,3.0,8901.0,,,,,,,,,,
18,Ботинки Трейл Фриз МПШ шерстяной мех размер 43,,,,,,,,,,,,,,,,,,,1.0,2967.0,,,1.0,2967.0,1.0,2967.0,,,,,1.0,2967.0
19,Ботинки Трейл Фриз МПШ шерстяной мех размер 44,,,,,,,,,,,,,,,,,,,2.0,5934.0,2.0,5934.0,,,,,,,,,,
20,"Ботинки кожаные ""Стандарт-М"" утепленные, ПУ/ТПУ, с внутренними металлическими защитными носками р.43",2.0,4230.92,,,,,2.0,4230.92,2.0,4230.92,,,,,2.0,4230.92,2.0,4230.92,,,1.0,2115.46,1.0,2115.46,1.0,2115.46,,,1.0,2115.46,,
21,Брелок-ретрактор со смоляной наклейкой,750.0,121800.0,,,750.0,121800.0,,,,,,,,,,,,,,,,,,,,,,,,,,
22,"Бумага  офисная ф. А4, 80 г/м2, 500 л. в пачке",,,1050.0,598500.0,210.0,119700.0,840.0,478800.0,840.0,478800.0,,,535.0,304950.0,305.0,173850.0,305.0,173850.0,,,305.0,173850.0,,,,,,,,,,
23,"Бумага COLOR COPY, А3, 200г/м2, 250л, для полноцветной лазерной печати А++, 161% (CIE)",,,,,,,,,,,15.0,55890.0,15.0,55890.0,,,,,,,,,,,,,,,,,,
24,"Бумага COLOR COPY, А4, 220г/м2, 250л, для полноцветной лазерной печати А++, 161% (CIE)",,,,,,,,,,,15.0,30705.0,15.0,30705.0,,,,,,,,,,,,,,,,,,
25,"Бумага для офисной техники IQ Allround А3, класса В+, 80 г/м2, 500л.",115.0,50927.38,,,15.0,6642.69,100.0,44284.69,100.0,44284.69,,,15.0,6642.7,85.0,37641.99,85.0,37641.99,,,25.0,11071.17,60.0,26570.82,60.0,26570.82,,,8.0,3542.78,52.0,23028.04
26,"Бумага для офисной техники IQ Allround А4, класса В, 80 г/м2, 500л.",29.0,6355.93,,,29.0,6355.93,,,,,,,,,,,,,,,,,,,,,,,,,,
27,Бумага для офисной техники белая,,,,,,,,,,,,,,,,,,,,,,,,,,,4100.0,1103679.0,,,4100.0,1103679.0
28,"Бумага для плоттеров 914 мм * 45,7 м * втулка 50,8 мм, универсальная Albeo InkJet.Z80-36-1",,,,,,,,,,,10.0,12000.0,10.0,12000.0,,,,,,,,,,,,,,,,,,
29,"Бумага офисная А4,80 г/м2,500 л. марка В,IQ Allround,Россия, 162%(CIE)",,,,,,,,,,,,,,,,,,,1400.0,393190.0,225.0,63191.25,1175.0,329998.75,1175.0,329998.75,,,620.0,174127.0,555.0,155871.75
30,Бумажные полотенца листовые с Z сложением,,,180.0,12600.0,180.0,12600.0,,,,,,,,,,,,,,,,,,,,,,,,,,
31,Бур 12*560,1.0,417.5,,,,,1.0,417.5,1.0,417.5,,,,,1.0,417.5,1.0,417.5,,,,,1.0,417.5,1.0,417.5,,,,,1.0,417.5
32,Бур по бетону Gigant 6х110 SDS Plus,,,5.0,348.8,,,5.0,348.8,5.0,348.8,,,,,5.0,348.8,5.0,348.8,,,,,5.0,348.8,5.0,348.8,,,,,5.0,348.8
33,Валик STAYER PROFI NYLON 0316-24,,,2.0,803.52,,,2.0,803.52,2.0,803.52,,,,,2.0,803.52,2.0,803.52,,,,,2.0,803.52,2.0,803.52,,,,,2.0,803.52
34,Валик СИБРТЕХ ВЕЛЮР 801326*36*100мм,,,2.0,216.0,,,2.0,216.0,2.0,216.0,,,,,2.0,216.0,2.0,216.0,,,,,2.0,216.0,2.0,216.0,,,1.0,108.0,1.0,108.0
35,Валик для водных красок Dexter 250 мм,,,6.0,1062.72,,,6.0,1062.72,6.0,1062.72,,,,,6.0,1062.72,6.0,1062.72,,,,,6.0,1062.72,6.0,1062.72,,,,,6.0,1062.72
36,Валик малярный с ручкой 250мм,1.0,208.75,,,,,1.0,208.75,1.0,208.75,,,,,1.0,208.75,1.0,208.75,,,,,1.0,208.75,1.0,208.75,,,,,1.0,208.75
37,Ванночка для краски,6.0,400.8,,,,,6.0,400.8,6.0,400.8,,,,,6.0,400.8,6.0,400.8,,,,,6.0,400.8,6.0,400.8,,,,,6.0,400.8
38,Визитные карточки 2 сторонние (100 шт./комп.),,,7.0,5223.75,7.0,5223.75,,,,,,,,,,,,,,,,,,,,,,,,,,
39,Визитные карточки 2 сторонние (100 шт./комп.),,,,,,,,,,,,,,,,,,,,,,,,,,,7.0,5223.75,,,7.0,5223.75
40,Визитные карточки 2 сторонние (100шт/комп.),,,,,,,,,,,9.0,6716.25,3.0,2238.75,6.0,4477.5,6.0,4477.5,10.0,7462.5,16.0,11939.99,,,,,9.0,6716.25,1.0,746.25,8.0,5970.0
41,"Винт самонарезной ШСГД редкая резьба 4,2*76",1.0,302.25,,,,,1.0,302.25,1.0,302.25,,,,,1.0,302.25,1.0,302.25,,,,,1.0,302.25,1.0,302.25,,,,,1.0,302.25
42,"Вода питьевая ""Королевская вода"", 19л",,,500.0,108000.0,226.0,48816.0,274.0,59184.0,274.0,59184.0,,,274.0,59184.0,,,,,500.0,108000.0,500.0,108000.0,,,,,,,,,,
43,"Вода питьевая ""Королевская вода"", 19л",,,,,,,,,,,500.0,108000.0,455.0,98280.0,45.0,9720.0,45.0,9720.0,400.0,99996.0,170.0,40968.75,275.0,68747.25,275.0,68747.25,500.0,124995.0,775.0,193742.25,,
44,Вода питьевая 19л,,,,,,,,,,,,,,,,,,,,,,,,,,,750.0,187492.5,,,750.0,187492.5
45,"Вода питьевая бутилированная, объём 19 (девятнадцать) литров Торговой марки МИЯ (включая предоставление кулеров 2-х режимных –не менее 21 (двадцать од",429.0,68296.8,,,429.0,68296.8,,,,,,,,,,,,,,,,,,,,,,,,,,
46,"Вытяжная заклёпка комбинированная 3,2х10 алюминий/сталь",,,3.0,311.04,,,3.0,311.04,3.0,311.04,,,,,3.0,311.04,3.0,311.04,,,,,3.0,311.04,3.0,311.04,,,,,3.0,311.04
47,"Губка для мытья посуды, колич. губок в упаковке 5 шт",,,140.0,4900.0,140.0,4900.0,,,,,,,,,,,,,,,,,,,,,,,,,,
48,"Губка для мытья посуды, упак. 5 шт.",,,,,,,,,,,,,,,,,,,1.0,945.07,1.0,945.07,,,,,,,,,,
49,Дезинфицирующий гель для рук MERIDA (Картридж 700 мл.),21.0,11854.74,,,21.0,11854.74,,,,,,,,,,,,,,,,,,,,,,,,,,
50,Держатель предфильтра UNIX,,,,,,,,,,,,,,,,,,,2.0,820.0,,,2.0,820.0,2.0,820.0,,,,,2.0,820.0
51,Держатель предфильтров UNIX,2.0,162.58,,,,,2.0,162.58,2.0,162.58,,,,,2.0,162.58,2.0,162.58,,,,,2.0,162.58,2.0,162.58,,,,,2.0,162.58
52,Диспенсер Unibob K-290 для клейкой упаковочной ленты шириной 50 мм,8.0,2290.48,,,1.0,286.31,7.0,2004.17,7.0,2004.17,,,,,7.0,2004.17,7.0,2004.17,,,,,7.0,2004.17,7.0,2004.17,,,,,7.0,2004.17
53,Драм-картридж для лазерных многофункциональных устройств (МФУ) CF358A.,12.0,57196.8,,,12.0,57196.8,,,,,,,,,,,,,,,,,,,,,,,,,,
54,Драм-картридж для лазерных многофункциональных устройств (МФУ) CF359A.,6.0,74275.2,,,6.0,74275.2,,,,,,,,,,,,,,,,,,,,,,,,,,
55,Драм-картридж для лазерных многофункциональных устройств (МФУ) CF364A.,6.0,74275.2,,,6.0,74275.2,,,,,,,,,,,,,,,,,,,,,,,,,,
56,Драм-картридж для лазерных многофункциональных устройств (МФУ) CF365A.,6.0,74275.2,,,6.0,74275.2,,,,,,,,,,,,,,,,,,,,,,,,,,
57,"Дырокол LAMARK 40л., металлический, черный, с линейкой",,,,,,,,,,,20.0,21565.2,20.0,21565.2,,,,,,,,,,,,,,,,,,
58,Дюбель для гипсокартона driva. PA 14*32 нейлон. SORMAT,200.0,2920.0,,,30.0,438.0,170.0,2482.0,170.0,2482.0,,,,,170.0,2482.0,170.0,2482.0,,,,,170.0,2482.0,170.0,2482.0,,,170.0,2482.0,,
59,Дюбель распорный Tchappai 8*40 Tech-Krep 111471,4.0,183.2,,,,,4.0,183.2,4.0,183.2,,,,,4.0,183.2,4.0,183.2,,,,,4.0,183.2,4.0,183.2,,,,,4.0,183.2
60,Дюбель распорный Чапай 6*40,5.0,277.75,,,,,5.0,277.75,5.0,277.75,,,,,5.0,277.75,5.0,277.75,,,,,5.0,277.75,5.0,277.75,,,,,5.0,277.75
61,Ежедневник с логотипом,250.0,115805.0,,,250.0,115805.0,,,,,,,,,,,,,,,,,,,,,,,,,,
62,"Журнал регистрации вводного инструктажа, 32 л., сшивка, пломба, обложка ПВХ",,,,,,,,,,,10.0,6375.0,10.0,6375.0,,,,,,,,,,,,,,,,,,
63,"Зажим для бумаг SPONSOR, 41 мм, 12шт/уп, черный",,,,,,,,,,,150.0,17856.0,150.0,17856.0,,,,,,,,,,,,,,,,,,
64,Зажимы для бумаг 51мм (12шт/уп) черные WORKMATE,,,,,,,,,,,100.0,19860.0,100.0,19860.0,,,,,,,,,,,,,,,,,,
65,"Заклепка вытяжная 4,0х10мм",,,3.0,388.8,,,3.0,388.8,3.0,388.8,,,,,3.0,388.8,3.0,388.8,,,,,3.0,388.8,3.0,388.8,,,,,3.0,388.8
66,Заклепочник Gross 40405,,,1.0,2561.76,,,1.0,2561.76,1.0,2561.76,,,,,1.0,2561.76,1.0,2561.76,,,,,1.0,2561.76,1.0,2561.76,,,,,1.0,2561.76
67,Изготовление знака E02-01 (Направляющая стрелка) 200*200 мм на фотолюменисцентной пленке,6.0,660.0,,,,,6.0,660.0,6.0,660.0,,,,,6.0,660.0,6.0,660.0,,,,,6.0,660.0,6.0,660.0,,,,,6.0,660.0
68,Изготовление знака E22 (Указатель выхода) 300*150 мм фотолюменисцентной пленке,3.0,372.0,,,,,3.0,372.0,3.0,372.0,,,,,3.0,372.0,3.0,372.0,,,,,3.0,372.0,3.0,372.0,,,,,3.0,372.0
69,Изготовление знака F04 (Огнетушитель) 100*100 мм на фотолюминесцентной пленке,14.0,392.0,,,,,14.0,392.0,14.0,392.0,,,,,14.0,392.0,14.0,392.0,,,,,14.0,392.0,14.0,392.0,,,,,14.0,392.0
70,Изготовление знака F10 (Рожарный извещатель) 100*100 мм на фотолюминесцентной пленке,31.0,868.0,,,,,31.0,868.0,31.0,868.0,,,,,31.0,868.0,31.0,868.0,,,,,31.0,868.0,31.0,868.0,,,,,31.0,868.0
71,"Изготовление знака на самоклеющейся пленке, EC01 (Аптечка) 200*200 мм",20.0,560.0,,,,,20.0,560.0,20.0,560.0,,,,,20.0,560.0,20.0,560.0,,,,,20.0,560.0,20.0,560.0,,,,,20.0,560.0
72,"Изготовление знака на самоклеющейся пленке, P01-00 (Запрещается курить), 204*204 мм",100.0,2800.0,,,,,100.0,2800.0,100.0,2800.0,,,,,100.0,2800.0,100.0,2800.0,,,,,100.0,2800.0,100.0,2800.0,,,,,100.0,2800.0
73,"Изготовление знака на самоклеющейся пленке, Р01-02 (Круг желтый) 200 мм",30.0,840.0,,,,,30.0,840.0,30.0,840.0,,,,,30.0,840.0,30.0,840.0,,,,,30.0,840.0,30.0,840.0,,,,,30.0,840.0
74,Изготовление металлической цифры «0»,95.0,10775.85,,,39.0,4423.77,56.0,6352.08,56.0,6352.08,,,1.0,113.43,55.0,6238.65,55.0,6238.65,,,,,55.0,6238.65,55.0,6238.65,,,,,55.0,6238.65
75,Изготовление металлической цифры «1»,85.0,9134.1,,,45.0,4835.7,40.0,4298.4,40.0,4298.4,,,,,40.0,4298.4,40.0,4298.4,,,,,40.0,4298.4,40.0,4298.4,,,,,40.0,4298.4
76,Изготовление металлической цифры «2»,15.0,1701.45,,,,,15.0,1701.45,15.0,1701.45,,,,,15.0,1701.45,15.0,1701.45,,,,,15.0,1701.45,15.0,1701.45,,,,,15.0,1701.45
77,Изготовление металлической цифры «3»,15.0,1701.45,,,,,15.0,1701.45,15.0,1701.45,,,,,15.0,1701.45,15.0,1701.45,,,,,15.0,1701.45,15.0,1701.45,,,,,15.0,1701.45
78,Изготовление металлической цифры «4»,15.0,1999.95,,,,,15.0,1999.95,15.0,1999.95,,,,,15.0,1999.95,15.0,1999.95,,,,,15.0,1999.95,15.0,1999.95,,,,,15.0,1999.95
79,Изготовление металлической цифры «6»,15.0,1701.45,,,,,15.0,1701.45,15.0,1701.45,,,,,15.0,1701.45,15.0,1701.45,,,,,15.0,1701.45,15.0,1701.45,,,,,15.0,1701.45
80,Изготовление металлической цифры «9»,15.0,1701.45,,,,,15.0,1701.45,15.0,1701.45,,,,,15.0,1701.45,15.0,1701.45,,,,,15.0,1701.45,15.0,1701.45,,,,,15.0,1701.45
81,Изолента,15.0,626.25,,,,,15.0,626.25,15.0,626.25,,,,,15.0,626.25,15.0,626.25,,,,,15.0,626.25,15.0,626.25,,,1.0,41.75,14.0,584.5
82,"Индивидуальные карты доступа ""Карта доступа (Бесконтактный идентификатор-смарт-карта с SIO  под прямую печать на карт-принтерах) HID iClass, артикул Hid 2000HPGGMN,iCLASS SR 2k/2 (SIO+iClass), рабочая частота: 13,56 МГц., формат: H10301/26 бит""",,,,,,,,,,,28.0,36960.0,28.0,36960.0,,,,,,,,,,,,,,,,,,
83,"Индивидуальные карты доступа""Карта доступа (Бесконтактная идентификатор-смарт-карта с SIO под прямую печать на карт-принтерах)HID iClass.Hid 2000HPGGMN,i CLASS SR 2k/2 (SI+iClass), рабочая частота 13.56 МГц",,,,,,,,,,,9.0,11880.0,9.0,11880.0,,,,,,,,,,,,,38.0,50160.0,38.0,50160.0,,
84,"Кабель ВВГ нгLS3*2,5",220.0,12859.0,,,,,220.0,12859.0,220.0,12859.0,,,,,220.0,12859.0,220.0,12859.0,,,,,220.0,12859.0,220.0,12859.0,,,10.0,584.5,210.0,12274.5
85,Кабель-канал с двойным замком белый 25*16,58.0,2726.0,,,,,58.0,2726.0,58.0,2726.0,,,,,58.0,2726.0,58.0,2726.0,,,,,58.0,2726.0,58.0,2726.0,,,3.0,141.0,55.0,2585.0
86,Календарь квартальный с логотипом,150.0,51600.0,,,150.0,51600.0,,,,,,,,,,,,,,,,,,,,,,,,,,
87,Канализационная установка SFA SANIDOUCHE (250 Вт),,,,,,,,,,,,,,,,,,,2.0,75369.2,,,2.0,75369.2,2.0,75369.2,,,1.0,37684.6,1.0,37684.6
88,Канализационная установка SFA SANIPRO XR (400 Вт),,,,,,,,,,,,,,,,,,,2.0,49895.2,,,2.0,49895.2,2.0,49895.2,,,,,2.0,49895.2
89,Канат полиамидный 8мм. бух/200 м,,,,,,,,,,,,,,,,,,,,,,,,,,,1.0,520.0,1.0,520.0,,
90,Кисть малярная плоская ширина 50,16.0,801.6,,,,,16.0,801.6,16.0,801.6,,,,,16.0,801.6,16.0,801.6,,,,,16.0,801.6,16.0,801.6,,,2.0,100.2,14.0,701.4
91,Клей МОМЕНТ Супер Гель,14.0,1365.0,,,4.0,390.0,10.0,975.0,10.0,975.0,,,,,10.0,975.0,10.0,975.0,,,2.0,195.0,8.0,780.0,8.0,780.0,,,5.0,487.5,3.0,292.5
92,"Клей Момент Столяр Экспресс,750г",,,2.0,820.8,,,2.0,820.8,2.0,820.8,,,,,2.0,820.8,2.0,820.8,,,,,2.0,820.8,2.0,820.8,,,,,2.0,820.8
93,"Клей ПВА TYTAN PROFESSIONAL WB 33D3 для древесины,белый750г",,,3.0,2397.6,,,3.0,2397.6,3.0,2397.6,,,,,3.0,2397.6,3.0,2397.6,,,,,3.0,2397.6,3.0,2397.6,,,,,3.0,2397.6
94,"Клей монтажный «Tytanprofessional» ClassicFixкаучуковый, прозрачный 310мл",,,6.0,2851.2,2.0,950.4,4.0,1900.8,4.0,1900.8,,,1.0,475.2,3.0,1425.6,3.0,1425.6,,,,,3.0,1425.6,3.0,1425.6,,,3.0,1425.6,,
95,"Клей силикатный WORKMATE, 110 г, с дозатором",,,,,,,,,,,50.0,1314.0,50.0,1314.0,,,,,,,,,,,,,,,,,,
96,Клей-карандаш ErichKrause 15 г,,,,,,,,,,,250.0,17580.0,250.0,17580.0,,,,,,,,,,,,,,,,,,
97,"Клейкая лента канцелярская 12 мм х 33 м BRAUBERG, комплект 12 шт., прозрачная",,,,,,,,,,,42.0,10458.0,42.0,10458.0,,,,,,,,,,,,,,,,,,
98,Клейкая лента канцелярская прозрачная 12 мм x 33 м,,,,,,,,,,,,,,,,,,,,,,,,,,,100.0,840.0,100.0,840.0,,
99,Клемма 222-413,,,,,,,,,,,,,,,,,,,,,,,,,,,100.0,2799.0,50.0,1399.5,50.0,1399.5
100,Клемма Wago 2273-244 (100 шт. в упаковке),,,,,,,,,,,,,,,,,,,,,,,,,,,1.0,2348.2,,,1.0,2348.2
101,"Клемма соединительная Wago 222-412 2-х проводная 0,08-2,5 мм",,,,,,,,,,,,,,,,,,,,,,,,,,,100.0,2885.0,,,100.0,2885.0
102,Клеммы Wago 221-415 с рычажком,,,,,,,,,,,,,,,,,,,,,,,,,,,50.0,3611.5,,,50.0,3611.5
103,Клещи переставные 250мм,2.0,835.0,,,,,2.0,835.0,2.0,835.0,,,,,2.0,835.0,2.0,835.0,,,,,2.0,835.0,2.0,835.0,,,,,2.0,835.0
104,"Клин монтажный, 91x43x15 мм, 2 шт.",,,,,,,,,,,,,,,,,,,,,,,,,,,30.0,149.1,,,30.0,149.1
105,"Ключ разводной 888 6833208 8"", с обрезиненной рукояткой",1.0,250.5,,,,,1.0,250.5,1.0,250.5,,,,,1.0,250.5,1.0,250.5,,,,,1.0,250.5,1.0,250.5,,,,,1.0,250.5
106,"Ключ разводной 888 6833210 10"", с обрезиненной рукояткой",2.0,668.0,,,,,2.0,668.0,2.0,668.0,,,,,2.0,668.0,2.0,668.0,,,,,2.0,668.0,2.0,668.0,,,,,2.0,668.0
107,"Книга учета движения трудовых книжек и вкладышей к ним, 48 л., А4, 210х290 мм, картон, офсет",,,,,,,,,,,5.0,698.1,5.0,698.1,,,,,,,,,,,,,,,,,,
108,"Конверт E65 110х220 мм, PostFix, белый, силик. лента, 80гр/м2, 1000 шт./в упак.",1000.0,1586.5,,,1000.0,1586.5,,,,,,,,,,,,,,,,,,,,,,,,,,
109,"Конверт В4 (240х350 мм), крафт, без клея, треугольный клапан, 500 шт./в упак.",500.0,3548.75,,,500.0,3548.75,,,,,,,,,,,,,,,,,,,,,,,,,,
110,"Конверт С4 (229х324), PostFix, белый, силиконовая лента, 90 гр/м2, 250 шт./в упак.",5000.0,17114.2,,,5000.0,17114.21,,,,,,,,,,,,,,,,,,,,,,,,,,
111,"Конверт С5 (162х229 мм) крафт, с клеем, треугольный клапан, 1000 шт./в упак.",1000.0,2254.5,,,1000.0,2254.5,,,,,,,,,,,,,,,,,,,,,,,,,,
112,"Конверт С5 162х229 мм, PostFix, белый, силиконовая лента, внутр. запечатка, 80 гр/м2, 1000 шт./в упак.",10000.0,15865.0,,,10000.0,15865.0,,,,,,,,,,,,,,,,,,,,,,,,,,
113,"Контейнер для мусора IDEA Эко черный/серый, 50 л, пластик (42х59 см)",7.0,5303.27,,,,,7.0,5303.27,7.0,5303.27,,,,,7.0,5303.27,7.0,5303.27,,,,,7.0,5303.27,7.0,5303.27,,,,,7.0,5303.27
114,Контроллер доступа Sigur E900U,,,,,,,,,,,,,,,,,,,,,,,,,,,1.0,16440.0,1.0,16440.0,,
115,"Конференц стол Сенатор 80х110х75 см,ЛДСП,дуб альпийский",,,,,,,,,,,2.0,26381.7,,,2.0,26381.7,2.0,26381.7,,,,,2.0,26381.7,2.0,26381.7,,,,,2.0,26381.7
116,"Конференц-столик 350х260, для стула ИЗО черный, пластиковый",,,,,,,,,,,,,,,,,,,,,,,,,,,30.0,43695.9,10.0,14565.3,20.0,29130.6
117,"Корзина для мусора 10 л пластик черная, арт.325533",150.0,9741.0,,,,,150.0,9741.0,150.0,9741.0,,,,,150.0,9741.0,150.0,9741.0,,,,,150.0,9741.0,150.0,9741.0,,,,,150.0,9741.0
118,"Корзина офисная 10 л пластик, черная Attache",58.0,3702.72,,,,,58.0,3702.72,58.0,3702.72,,,,,58.0,3702.72,58.0,3702.72,,,,,58.0,3702.72,58.0,3702.72,,,,,58.0,3702.72
119,Короб 650*450*450 картон Т23 бурый 10 шт./уп.,13.0,9378.13,,,4.0,2885.58,9.0,6492.55,9.0,6492.55,,,9.0,6492.55,,,,,,,,,,,,,,,,,,
120,"Короб архивный А4 (240*330 мм), 100 мм, 2 завязки, бумвинил, до 900 листов, бордовый,BRAUBERG",,,,,,,,,,,300.0,59400.0,300.0,59400.0,,,,,,,,,,,,,,,,,,
121,"Короб архивный на кнопке Attache 70 мм пластик, синийКороб архивный на кнопке Attache 70 мм пластик, синий",,,,,,,,,,,25.0,7132.5,25.0,7132.5,,,,,,,,,,,,,,,,,,
122,"Короб архивный, бумвинил, 15 см, 2х/б, завязки, бордовый, до 1400л.",,,,,,,,,,,600.0,120000.0,600.0,120000.0,,,,,,,,,,,,,,,,,,
123,"Короб с крышкой, гофрокартон, 445х270х335 мм, FELLOWES BANKERS BOX ""Basic""",,,,,,,,,,,,,,,,,,,250.0,41875.0,,,250.0,41875.0,250.0,41875.0,,,,,250.0,41875.0
124,"Корректирующая жидкость STAFF, 20 мл, с кисточкой, на водной основе",,,,,,,,,,,170.0,6099.6,170.0,6099.6,,,,,,,,,,,,,,,,,,
125,Костюм  от химических воздействий Л-1 серый,,,,,,,,,,,,,,,,,,,2.0,10940.0,,,2.0,10940.0,2.0,10940.0,,,,,2.0,10940.0
126,Костюм Виват-1 Премиум серый/черный/красный размер 104-108/182-188,,,,,,,,,,,,,,,,,,,1.0,4110.0,,,1.0,4110.0,1.0,4110.0,,,,,1.0,4110.0
127,Костюм Виват-1 Премиум серый/черный/красный размер 112-116/182-188,,,,,,,,,,,,,,,,,,,4.0,16440.0,4.0,16440.0,,,,,,,,,,
128,Костюм Виват-1 Премиум серый/черный/красный размер 88-92/182-188,,,,,,,,,,,,,,,,,,,4.0,16440.0,4.0,16440.0,,,,,,,,,,
129,Костюм Виват-1 Премиум серый/черный/красный размер 96-100/170-176,,,,,,,,,,,,,,,,,,,3.0,12330.0,,,3.0,12330.0,3.0,12330.0,,,,,3.0,12330.0
130,Костюм Виват-1 Премиум серый/черный/красный размер 96-100/182-188,,,,,,,,,,,,,,,,,,,2.0,8220.0,,,2.0,8220.0,2.0,8220.0,,,,,2.0,8220.0
131,Костюм зимний Сибер СОП п/к т.серый/красный  размер 112-116/182-188,,,,,,,,,,,,,,,,,,,2.0,17780.0,2.0,17780.0,,,,,,,,,,
132,Костюм зимний Сибер СОП п/к т.серый/красный  размер 88-92/182-188,,,,,,,,,,,,,,,,,,,2.0,17780.0,2.0,17780.0,,,,,,,,,,
133,Костюм зимний Сибер СОП п/к т.серый/красный  размер 96-100/170-176,,,,,,,,,,,,,,,,,,,2.0,17780.0,2.0,17780.0,,,,,,,,,,
134,Костюм зимний Сибер СОП п/к т.серый/красный  размер 96-100/182-188,,,,,,,,,,,,,,,,,,,1.0,8890.0,1.0,8890.0,,,,,,,,,,
135,"Костюм мужской ""Азов"" для защиты от механических воздействий и ОПЗ /куртка + брюки/ р. 96-100/170-176",4.0,13902.72,,,,,4.0,13902.72,4.0,13902.72,,,,,4.0,13902.72,4.0,13902.72,,,4.0,13902.72,,,,,,,,,,
136,"Костюм мужской ""Азов"" для защиты от механических воздействий и ОПЗ /куртка + брюки/ р. 96-100/182-188",2.0,6951.36,,,,,2.0,6951.36,2.0,6951.36,,,,,2.0,6951.36,2.0,6951.36,,,2.0,6951.36,,,,,,,,,,
137,"Костюм мужской ""Азов"" для защиты от механических воздействий и ОПЗ /куртка + брюки/ р.104-108/182-188",10.0,34756.8,,,,,10.0,34756.8,10.0,34756.8,,,,,10.0,34756.8,10.0,34756.8,,,,,10.0,34756.8,10.0,34756.8,,,2.0,6951.36,8.0,27805.44
138,"Краска штемпельная ATTACHE красная, 50 г",,,,,,,,,,,10.0,459.0,10.0,459.0,,,,,,,,,,,,,,,,,,
139,Краска штемпельная Attache черная на водной основе 50 г,,,,,,,,,,,20.0,918.0,20.0,918.0,,,,,,,,,,,,,,,,,,
140,Крепежный уголок 50х50х35х2,,,100.0,2224.0,,,100.0,2224.0,100.0,2224.0,,,30.0,667.2,70.0,1556.8,70.0,1556.8,,,,,70.0,1556.8,70.0,1556.8,,,,,70.0,1556.8
141,"Куртка мужская ""Зима"" для защиты от пониженных температур р. 104-108/182-188",1.0,2257.25,,,,,1.0,2257.25,1.0,2257.25,,,,,1.0,2257.25,1.0,2257.25,,,,,1.0,2257.25,1.0,2257.25,,,1.0,2257.25,,
142,"Ластик серо-белый, натуральный каучук, BRAUBERG «Ultra», 41х14х8 мм, 228703",,,,,,,,,,,750.0,9225.0,750.0,9225.0,,,,,,,,,,,,,,,,,,
143,Лезвие Carbide (5шт.) для ножа Stenley 0-11-800,3.0,659.88,,,,,3.0,659.88,3.0,659.88,,,,,3.0,659.88,3.0,659.88,,,,,3.0,659.88,3.0,659.88,,,,,3.0,659.88
144,Лента K-FLEX,6.0,4076.04,,,,,6.0,4076.04,6.0,4076.04,,,1.0,679.34,5.0,3396.7,5.0,3396.7,,,1.0,679.34,4.0,2717.36,4.0,2717.36,,,,,4.0,2717.36
145,"Лента Scotch монтажная двухсторонняя прозрачная 19 мм*1,5м",36.0,22711.09,,,7.0,4416.04,29.0,18295.05,29.0,18295.05,,,,,29.0,18295.05,29.0,18295.05,,,5.0,3154.32,24.0,15140.73,24.0,15140.73,,,1.0,630.86,23.0,14509.87
146,Лента для бейджа с логотипом,150.0,23844.0,,,150.0,23844.0,,,,,,,,,,,,,,,,,,,,,,,,,,
147,Лента оградительная красно-белая,12.0,1755.0,,,,,12.0,1755.0,12.0,1755.0,,,1.0,146.25,11.0,1608.75,11.0,1608.75,,,,,11.0,1608.75,11.0,1608.75,,,1.0,146.25,10.0,1462.5
148,Лента-фум,4.0,334.0,,,,,4.0,334.0,4.0,334.0,,,,,4.0,334.0,4.0,334.0,,,,,4.0,334.0,4.0,334.0,,,,,4.0,334.0
149,"Линейка пластиковая 30 см, СТАММ, непрозрачная, черная",,,,,,,,,,,250.0,6825.0,250.0,6825.0,,,,,,,,,,,,,,,,,,
150,Магнитный браслет с неодимовыми магнитами MasterProf. HS.110038,1.0,682.5,,,,,1.0,682.5,1.0,682.5,,,,,1.0,682.5,1.0,682.5,,,,,1.0,682.5,1.0,682.5,,,,,1.0,682.5
151,"Маркер Выделитель текста CC2118S желтый 1-3,9мм",,,,,,,,,,,250.0,6195.0,250.0,6195.0,,,,,,,,,,,,,,,,,,
152,"Маркер Выделитель текста CC2118S зеленый 1-3,9мм",,,,,,,,,,,250.0,6195.0,250.0,6195.0,,,,,,,,,,,,,,,,,,
153,"Маркер перманентный CROWN двусторонний ""Multi Marker Twin"", черный, скошенный наконечник, 2 мм/1 мм, P-800W",,,,,,,,,,,50.0,3465.0,50.0,3465.0,,,,,,,,,,,,,,,,,,
154,"Маркеры, стираемые для белой доски набор 4 цвета, BRAUBERG ""CLASSIC"", 3 мм, с клипом, 152117",,,,,,,,,,,150.0,26919.0,150.0,26919.0,,,,,,,,,,,,,,,,,,
155,Мастика для опечатывания 100 г,,,20.0,1209.6,,,20.0,1209.6,20.0,1209.6,,,20.0,1209.6,,,,,,,,,,,,,,,,,,
156,Мебель РТ Арго Колесные опоры Р703 (4 шт.) для  А-401,,,,,,,,,,,,,,,,,,,50.0,13346.0,,,50.0,13346.0,50.0,13346.0,,,7.0,1868.44,43.0,11477.56
157,Механизм замка Apecs цилиндрический SC-70(30/40)-Z-NI,,,,,,,,,,,,,,,,,,,,,,,,,,,5.0,4223.75,,,5.0,4223.75
158,Механизм качания Топ-Ган (150*220/230),,,,,,,,,,,,,,,,,,,15.0,28072.5,10.0,18715.0,5.0,9357.5,5.0,9357.5,,,,,5.0,9357.5
159,"Мешки для мусора в рулоне Титан (300л, 5шт. серые ПВД,80мкм, 105х150 см)",,,,,,,,,,,,,,,,,,,,,,,,,,,5.0,1995.0,5.0,1995.0,,
160,Мини-валик малярный в сборе STAYER MASTER DUALON 03-05812-11,,,8.0,1382.4,,,8.0,1382.4,8.0,1382.4,,,2.0,345.6,6.0,1036.8,6.0,1036.8,,,,,6.0,1036.8,6.0,1036.8,,,1.0,172.8,5.0,864.0
161,Монтировка АВТОДЕТАЛЬ,1.0,819.95,,,,,1.0,819.95,1.0,819.95,,,,,1.0,819.95,1.0,819.95,,,,,1.0,819.95,1.0,819.95,,,,,1.0,819.95
162,Мыло хозяйственное 72% 200г Традиционное в упак.,,,,,,,,,,,,,,,,,,,,,,,,,,,10.0,650.0,10.0,650.0,,
163,Набор ЗУБР напильники №2 200,,,,,,,,,,,,,,,,,,,,,,,,,,,1.0,1431.8,,,1.0,1431.8
164,Набор бит KRAFTOOL 25556-H43,1.0,1164.15,,,,,1.0,1164.15,1.0,1164.15,,,,,1.0,1164.15,1.0,1164.15,,,,,1.0,1164.15,1.0,1164.15,,,,,1.0,1164.15
165,"Набор маркеров для досок Attache Accent 4 цвета (круглый наконечник, толщина линии 1-5 мм)",,,,,,,,,,,,,,,,,,,,,,,,,,,60.0,5508.0,60.0,5508.0,,
166,Набор надфилей matrix 15832 (10 шт.),,,,,,,,,,,,,,,,,,,,,,,,,,,1.0,566.15,,,1.0,566.15
167,"Набор отверток диэлектрических 1000В с пробником, 8 предметов, пластиковый кейс, Энкор 19835",1.0,676.6,,,,,1.0,676.6,1.0,676.6,,,,,1.0,676.6,1.0,676.6,,,,,1.0,676.6,1.0,676.6,,,,,1.0,676.6
168,"Набор силовых отверток с держателем, 6предметов МАСТАК 04-6GRB",2.0,4137.0,,,,,2.0,4137.0,2.0,4137.0,,,,,2.0,4137.0,2.0,4137.0,,,,,2.0,4137.0,2.0,4137.0,,,,,2.0,4137.0
169,Насадка для шуруповерта Torsion PH2 25мм,16.0,304.64,,,,,16.0,304.64,16.0,304.64,,,,,16.0,304.64,16.0,304.64,,,,,16.0,304.64,16.0,304.64,,,,,16.0,304.64
170,Настенный кондиционер DAIKIN FAA71A/RR71BV Nord-40T (пульт BRC1H519W7),1.0,267641.64,,,,,1.0,267641.64,1.0,267641.64,,,,,1.0,267641.64,1.0,267641.64,,,,,1.0,267641.64,1.0,267641.64,,,,,1.0,267641.64
171,"Настольный, перекидной календарь ""домикс логотипом",150.0,47064.0,,,150.0,47064.0,,,,,,,,,,,,,,,,,,,,,,,,,,
172,Нож кровельный Stenley 99 RETRACTABLE 2-10-099 с трапециевидным лезвием,1.0,452.08,,,,,1.0,452.08,1.0,452.08,,,,,1.0,452.08,1.0,452.08,,,,,1.0,452.08,1.0,452.08,,,,,1.0,452.08
173,Ножницы 169 мм Attache с пластиковыми прорезиненными анатомическими ручками черного/зеленого цвета,,,,,,,,,,,,,,,,,,,,,,,,,,,200.0,11624.0,200.0,11624.0,,
174,"Обложки для переплета BRAUBERG, комплект 100 шт., А4, пластик 200 мкм, прозрачно-зеленые",,,,,,,,,,,3.0,5055.84,3.0,5055.84,,,,,,,,,,,,,,,,,,
175,"Обложки для переплета Office Kit пластиковые, красные, А4, 200 мкм, 100 шт/упак",,,,,,,,,,,3.0,4767.84,3.0,4767.84,,,,,,,,,,,,,,,,,,
176,Ограничитель оконный для ПВХ металл цвет белый,,,,,,,,,,,,,,,,,,,,,,,,,,,40.0,4457.6,3.0,334.32,37.0,4123.28
177,"Одеяло 140*205  Овечья шерсть, 200гр.,микрофибра",,,,,,,,,,,,,,,,,,,,,,,,,,,3.0,3796.1,,,3.0,3796.1
178,"Одеяло 140*205 Botany 220гр., Верблюжья шерсть, 150гр.,микрофибра/Эльф",,,,,,,,,,,,,,,,,,,,,,,,,,,3.0,2817.0,,,3.0,2817.0
179,"Одеяло 140*205 Botany 220гр., Овечья шерсть, 150гр.,микрофибра/Эльф",,,,,,,,,,,,,,,,,,,,,,,,,,,3.0,2760.0,,,3.0,2760.0
180,"Одеяло 140*205 Botany 220гр., Овечья шерсть, 400гр.,микрофибра/Эльф",,,,,,,,,,,,,,,,,,,,,,,,,,,3.0,3357.0,,,3.0,3357.0
181,"Одеяло 140*205 Botany 220гр., файберлонс/Эльф",,,,,,,,,,,,,,,,,,,,,,,,,,,6.0,6294.0,,,6.0,6294.0
182,"Одеяло 140*205 Two wool 220гр., (верблюд/овца) файберлонс/Эльф",,,,,,,,,,,,,,,,,,,,,,,,,,,3.0,2997.0,,,3.0,2997.0
183,"Одеяло 140*205 Верблюжья шерсть, 320гр.,микрофибра/Эльф",,,,,,,,,,,,,,,,,,,,,,,,,,,4.0,4860.2,,,4.0,4860.2
184,"Одеяло 172*205 Botany 220гр., файберлонс/Эльф",,,,,,,,,,,,,,,,,,,,,,,,,,,4.0,4476.0,,,4.0,4476.0
185,"Одеяло 172*205 Верблюжья шерсть, 150гр.,микрофибра/Эльф",,,,,,,,,,,,,,,,,,,,,,,,,,,2.0,2144.0,,,2.0,2144.0
186,"Опора двухколесная с площадкой, D50 мм, без стопора",,,,,,,,,,,,,,,,,,,200.0,7550.0,,,200.0,7550.0,200.0,7550.0,,,7.0,264.25,193.0,7285.75
187,Органайзер Volf 39x29.5x11 см,,,,,,,,,,,,,,,,,,,,,,,,,,,2.0,679.24,1.0,339.62,1.0,339.62
188,"Освежитель воздуха Gold Wind ""Океан"", ручной",,,450.0,22266.0,450.0,22266.0,,,,,,,,,,,,,,,,,,,,,,,,,,
189,"Отвертка тестер 70-250 В,SPARTA",2.0,518.7,,,,,2.0,518.7,2.0,518.7,,,,,2.0,518.7,2.0,518.7,,,,,2.0,518.7,2.0,518.7,,,,,2.0,518.7
190,Очиститель монтажной пены,3.0,626.25,,,1.0,208.75,2.0,417.5,2.0,417.5,,,,,2.0,417.5,2.0,417.5,,,,,2.0,417.5,2.0,417.5,,,,,2.0,417.5
191,Очки открытые  UVEX Феос Ван с покрытием от царапин и запотевания,,,,,,,,,,,,,,,,,,,6.0,4440.0,,,6.0,4440.0,6.0,4440.0,,,,,6.0,4440.0
192,"Очки открытые ""Феос Ван"" UVEX (9192370) прозрачная линза, покрытие supravision excellence",1.0,409.29,,,,,1.0,409.29,1.0,409.29,,,,,1.0,409.29,1.0,409.29,,,,,1.0,409.29,1.0,409.29,,,,,1.0,409.29
193,"Пакет ПНД 25+12*45 12мкм, 100 шт.уп.,белый",3.0,164.85,,,,,3.0,164.85,3.0,164.85,,,2.0,109.9,1.0,54.95,1.0,54.95,,,,,1.0,54.95,1.0,54.95,,,1.0,54.95,,
194,"Пакет С4 229х324х40, крафт, с расширением, силиконовая лента, 130г, 200 шт./в упак.",3000.0,43086.0,,,3000.0,43086.0,,,,,,,,,,,,,,,,,,,,,,,,,,
195,"Пакеты ""майка"", 100 шт., 24+12х45 см, ПНД, 8 мкм",,,,,,,,,,,,,,,,,,,7.0,515.9,,,7.0,515.9,7.0,515.9,,,1.0,73.7,6.0,442.2
196,"Папка архивная складная ATTACHE, 150 мм, красная",,,,,,,,,,,,,,,,,,,,,,,,,,,250.0,36437.5,250.0,36437.5,,
197,"Папка с арочным механизмом Элементари 80 мм черная с металлическим уголком, арт. 1026493",,,,,,,,,,,,,,,,,,,,,,,,,,,250.0,33542.5,250.0,33542.5,,
198,"Папка-регистратор BRAUBERG с покрытием из ПВХ, 50 мм, черная (удвоенный срок службы), 220886",,,,,,,,,,,250.0,60000.0,250.0,60000.0,,,,,,,,,,,,,,,,,,
199,"Папка-регистратор BRAUBERG усиленный корешок, мраморное покрытие, 80 мм, с уголком,  черная,  2271886",,,,,,,,,,,350.0,108850.0,350.0,108850.0,,,,,,,,,,,,,,,,,,
200,"Папка-уголок Berlingo, А4, 180мкм, прозрачная бесцветная",,,,,,,,,,,,,,,,,,,,,,,,,,,500.0,3495.0,500.0,3495.0,,
201,"Папка-уголок Berlingo, А4, 180мкм, прозрачная желтая",,,,,,,,,,,,,,,,,,,,,,,,,,,350.0,2446.5,350.0,2446.5,,
202,"Папка-уголок Berlingo, А4, 180мкм, прозрачная зеленая",,,,,,,,,,,,,,,,,,,,,,,,,,,350.0,2446.5,350.0,2446.5,,
203,"Папка-уголок Berlingo, А4, 180мкм, прозрачная синяя",,,,,,,,,,,,,,,,,,,,,,,,,,,350.0,2446.5,350.0,2446.5,,
204,"Папки-файлы перфорированные комплект 100 шт., матовые, 45 мкм, 221713",,,,,,,,,,,,,,,,,,,,,,,,,,,175.0,31036.25,175.0,31036.25,,
205,Перчатки полушерстяные двойные,,,,,,,,,,,,,,,,,,,24.0,7752.0,21.0,6783.0,3.0,969.0,3.0,969.0,,,,,3.0,969.0
206,Перчатки рабочие трикотажные Комус,2.0,294.24,,,,,2.0,294.24,2.0,294.24,,,,,2.0,294.24,2.0,294.24,,,,,2.0,294.24,2.0,294.24,,,,,2.0,294.24
207,"Перчатки трикотажные ""Сити"" для защиты рук от механических взаимодействий и ОПЗ/ПВХ-покрытие/ р.9",40.0,1323.2,,,,,40.0,1323.2,40.0,1323.2,,,,,40.0,1323.2,40.0,1323.2,,,,,40.0,1323.2,40.0,1323.2,,,,,40.0,1323.2
208,Перчатки х/б 10 класс ЛЮКС с ПВХ ВОЛНА,,,,,,,,,,,,,,,,,,,120.0,3720.0,42.0,1302.0,78.0,2418.0,78.0,2418.0,,,6.0,186.0,72.0,2232.0
209,Пистолет для герметика Inforce,1.0,208.75,,,,,1.0,208.75,1.0,208.75,,,,,1.0,208.75,1.0,208.75,,,,,1.0,208.75,1.0,208.75,,,1.0,208.75,,
210,Планинг недатированный с логотипом,50.0,25578.0,,,50.0,25578.0,,,,,,,,,,,,,,,,,,,,,,,,,,
211,"Плащ мужской ""Циклон"" для защиты от нефти, нефтепродуктов, воды с СВ полосой р. 104-108/182-188",3.0,5254.77,,,,,3.0,5254.77,3.0,5254.77,,,,,3.0,5254.77,3.0,5254.77,,,,,3.0,5254.77,3.0,5254.77,,,,,3.0,5254.77
212,"Плащ мужской ""Циклон"" для защиты от нефти, нефтепродуктов, воды с СВ полосой р. 96-100/170-176",1.0,1751.59,,,,,1.0,1751.59,1.0,1751.59,,,,,1.0,1751.59,1.0,1751.59,,,,,1.0,1751.59,1.0,1751.59,,,,,1.0,1751.59
213,Пленка воздушно -пузырчатая,1.0,964.8,,,,,1.0,964.8,1.0,964.8,,,,,1.0,964.8,1.0,964.8,,,,,1.0,964.8,1.0,964.8,,,,,1.0,964.8
214,"Пленка воздушно-пузырьковая трехслойная 1,5*50 м",2.0,4489.9,,,1.0,2244.95,1.0,2244.95,1.0,2244.95,,,,,1.0,2244.95,1.0,2244.95,,,,,1.0,2244.95,1.0,2244.95,,,,,1.0,2244.95
215,"Пленка для ламинирования OFFICE KIT, 216х303, А4, 200мкм, глянцевая, 100шт/уп",,,,,,,,,,,5.0,11096.4,5.0,11096.4,,,,,,,,,,,,,,,,,,
216,"Пленка для ламинирования OFFICE KIT, 303х426, А3, 125 мкм, глянцевая, 100шт/уп",,,,,,,,,,,4.0,9575.28,4.0,9575.28,,,,,,,,,,,,,,,,,,
217,"Пленка укрывная 2,7*20м с малярной лентой (для крепления к поверхности)",3.0,2004.0,,,,,3.0,2004.0,3.0,2004.0,,,,,3.0,2004.0,3.0,2004.0,,,,,3.0,2004.0,3.0,2004.0,,,2.0,1336.0,1.0,668.0
218,Подлокотник Т-образной формы для кресла Chairman 610 LT,,,,,,,,,,,,,,,,,,,28.0,17099.6,,,28.0,17099.6,28.0,17099.6,,,,,28.0,17099.6
219,Подставка для канцелярских мелочей Attache Авангард 5 отделений черный,,,,,,,,,,,250.0,60975.0,250.0,60975.0,,,,,,,,,,,,,,,,,,
220,"Подставка настольная/настенная для рекламных материалов А4 односторонняя Attache Лидер, арт. 56765",,,,,,,,,,,,,,,,,,,,,,,,,,,30.0,5436.9,30.0,5436.9,,
221,"Подставка-органайзер СТАММ «Авангард», 132×122×108 мм, 5 отделений, черная",,,,,,,,,,,,,,,,,,,,,,,,,,,150.0,17394.0,150.0,17394.0,,
222,"Подушка штемпельная сменная E/46040 синяя для 46040, 46040/R (аналог 6/46040)",,,,,,,,,,,,,,,,,,,,,,,,,,,20.0,3257.0,20.0,3257.0,,
223,Полотенца бумажные Veiro Professional Comfort 2сл. 150м белый Втулка 38мм (арт. К203),,,,,,,,,,,,,,,,,,,1080.0,370483.2,1080.0,370483.2,,,,,450.0,144216.0,450.0,144216.0,,
224,"Полотно техническое вафельное, плотность 145г/м, 60мх45см",2.0,3644.72,,,,,2.0,3644.72,2.0,3644.72,,,,,2.0,3644.72,2.0,3644.72,,,,,2.0,3644.72,2.0,3644.72,,,,,2.0,3644.72
225,Полуботинки Трейл Зомер МП с перф.отв. размер 41,,,,,,,,,,,,,,,,,,,1.0,2829.0,,,1.0,2829.0,1.0,2829.0,,,,,1.0,2829.0
226,Полуботинки Трейл Зомер МП с перф.отв. размер 43,,,,,,,,,,,,,,,,,,,2.0,5658.0,,,2.0,5658.0,2.0,5658.0,,,,,2.0,5658.0
227,Полуботинки Трейл Зомер МП с перф.отв. размер 44,,,,,,,,,,,,,,,,,,,1.0,2829.0,,,1.0,2829.0,1.0,2829.0,,,1.0,2829.0,,
228,Полуботинки Трейл Зомер МП с перф.отв. размер 46,,,,,,,,,,,,,,,,,,,1.0,2829.0,,,1.0,2829.0,1.0,2829.0,,,,,1.0,2829.0
229,Полуботинки Форвелд Плюс 1КП/ размер 40,,,,,,,,,,,,,,,,,,,1.0,4140.0,1.0,4140.0,,,,,,,,,,
230,Полуботинки Форвелд Плюс 1КП/ размер 42,,,,,,,,,,,,,,,,,,,3.0,12420.0,1.0,4140.0,2.0,8280.0,2.0,8280.0,,,,,2.0,8280.0
231,Полуботинки Форвелд Плюс 1КП/ размер 43,,,,,,,,,,,,,,,,,,,1.0,4140.0,,,1.0,4140.0,1.0,4140.0,,,,,1.0,4140.0
232,Полуботинки Форвелд Плюс 1КП/ размер 44,,,,,,,,,,,,,,,,,,,2.0,8280.0,,,2.0,8280.0,2.0,8280.0,,,1.0,4140.0,1.0,4140.0
233,"Полуботинки мужские ""Атлетик-Лайт"" микрофибра,ПУ/ТПУ, композит. внутр. защ. носок р.42",2.0,5839.74,,,,,2.0,5839.74,2.0,5839.74,,,,,2.0,5839.74,2.0,5839.74,,,2.0,5839.74,,,,,,,,,,
234,"Полуботинки мужские ""Атлетик-Лайт"" микрофибра,ПУ/ТПУ, композит. внутр. защ. носок р.43",3.0,8759.61,,,,,3.0,8759.61,3.0,8759.61,,,,,3.0,8759.61,3.0,8759.61,,,1.0,2919.87,2.0,5839.74,2.0,5839.74,,,,,2.0,5839.74
235,"Полуботинки мужские ""Атлетик-Лайт"" микрофибра,ПУ/ТПУ, композит. внутр. защ. носок р.44",2.0,5839.74,,,,,2.0,5839.74,2.0,5839.74,,,,,2.0,5839.74,2.0,5839.74,,,2.0,5839.74,,,,,,,,,,
236,"Полуботинки мужские ""Атлетик-Лайт"" микрофибра,ПУ/ТПУ, композит. внутр. защ. носок р.45",2.0,5839.74,,,,,2.0,5839.74,2.0,5839.74,,,,,2.0,5839.74,2.0,5839.74,,,,,2.0,5839.74,2.0,5839.74,,,,,2.0,5839.74
237,Полумаска UNIX 1000 (ТПЭ) размер 3,,,,,,,,,,,,,,,,,,,1.0,2020.0,,,1.0,2020.0,1.0,2020.0,,,,,1.0,2020.0
238,Полумаска изолирующая UNIX 1000 (большой размер),1.0,861.12,,,,,1.0,861.12,1.0,861.12,,,,,1.0,861.12,1.0,861.12,,,,,1.0,861.12,1.0,861.12,,,,,1.0,861.12
239,"Портфель пластиковый BRAUBERG портфолио, А3, 470х380х130 мм, 3 отделения, на молнии, черный",,,,,,,,,,,2.0,2797.44,2.0,2797.44,,,,,,,,,,,,,,,,,,
240,"Портфель пластиковый BRAUBERG, премьер, А4, 390х315х120 мм, 3 отделения, на молнии, черный",,,,,,,,,,,2.0,2468.4,2.0,2468.4,,,,,,,,,,,,,,,,,,
241,Предфильтр UNIX Р2 противоаэрозольный,,,,,,,,,,,,,,,,,,,8.0,6560.0,,,8.0,6560.0,8.0,6560.0,,,,,8.0,6560.0
242,Присоска для снятия стекол двойная TOPEX 14А780,2.0,1540.5,,,1.0,770.25,1.0,770.25,1.0,770.25,,,,,1.0,770.25,1.0,770.25,,,,,1.0,770.25,1.0,770.25,,,,,1.0,770.25
243,Противогаз ГП -21У с фильтром ФК-Универсал марки A1B1E1K1HgSXP3D и лицевой частью МП-3,,,,,,,,,,,2.0,10320.0,,,2.0,10320.0,2.0,10320.0,,,,,2.0,10320.0,2.0,10320.0,,,,,2.0,10320.0
244,"Пружины для переплета OFFICE KIT пластиковые 6мм, красный, 100шт/уп",,,,,,,,,,,3.0,1618.74,3.0,1618.74,,,,,,,,,,,,,,,,,,
245,"Пружины для переплета OFFICE KIT пластиковые 8мм, красный, 100шт/уп",,,,,,,,,,,3.0,1762.56,3.0,1762.56,,,,,,,,,,,,,,,,,,
246,"Разделители листов (полосы 230*105 мм) картонные, комплект 100 штук, зеленые, BRAUBERG, 223971",,,,,,,,,,,10.0,1969.8,10.0,1969.8,,,,,,,,,,,,,,,,,,
247,"Разделители листов (полосы 230х105 мм) картонные, комплект 100 штук, голубые, BRAUBERG, 223973",,,,,,,,,,,10.0,1969.8,10.0,1969.8,,,,,,,,,,,,,,,,,,
248,"Разделители листов (полосы 230х105 мм) картонные, комплект 100 штук, желтые, BRAUBERG",,,,,,,,,,,10.0,1969.8,10.0,1969.8,,,,,,,,,,,,,,,,,,
249,Растворитель 646,8.0,1336.0,,,,,8.0,1336.0,8.0,1336.0,,,,,8.0,1336.0,8.0,1336.0,,,,,8.0,1336.0,8.0,1336.0,,,,,8.0,1336.0
250,"Респиратор FFP2 от пыли, дыма и тумана 140*120*50мм",,,,,,,,,,,,,,,,,,,,,,,,,,,60.0,15600.0,60.0,15600.0,,
251,Розетка RJ-45,68.0,3383.0,,,2.0,99.5,66.0,3283.5,66.0,3283.5,,,,,66.0,3283.5,66.0,3283.5,,,,,66.0,3283.5,66.0,3283.5,,,10.0,497.5,56.0,2786.0
252,Розетка Schneider Electric (РА16-044В),,,,,,,,,,,,,,,,,,,,,,,,,,,1.0,2875.5,,,1.0,2875.5
253,Рукомойник  пластиковый  5л.,,,,,,,,,,,,,,,,,,,,,,,,,,,3.0,1023.0,,,3.0,1023.0
254,Рулонные полотенца Tork H1 Advanced Soft Matic(120067),,,435.0,250294.65,435.0,250294.65,,,,,,,,,,,,,,,,,,,,,,,,,,
255,"Ручка гелевая CROWN «Hi-Jell», зеленая, корпус прозрачный, узел 0,5 мм, линия письма 0,35 мм, HJR-500B",,,,,,,,,,,200.0,9864.0,200.0,9864.0,,,,,,,,,,,,,,,,,,
256,"Ручка гелевая CROWN «Hi-Jell», красная, корпус прозрачный, узел 0,5 мм, линия письма 0,35 мм, HJR-",,,,,,,,,,,200.0,9864.0,200.0,9864.0,,,,,,,,,,,,,,,,,,
257,"Ручка шариковая BIC ""Orange"", корпус оранжевый, узел 0,8 мм, линия письма 0,3 мм, синяя",,,,,,,,,,,500.0,13950.0,500.0,13950.0,,,,,,,,,,,,,,,,,,
258,"Ручка шариковая WORKMATE  0,7 мм, масляные чернила, синий",,,,,,,,,,,2000.0,10800.0,2000.0,10800.0,,,,,,,,,,,,,,,,,,
259,Ручка шариковая одноразовая Стамм синяя,,,,,,,,,,,1000.0,7320.0,1000.0,7320.0,,,,,,,,,,,,,,,,,,
260,"Ручка-роллер UNI-BALL (Япония) ""Vision Elite"", корпус серый, узел 0,8 мм, линия 0,6 мм, синяя",,,,,,,,,,,29.0,9272.46,29.0,9272.46,,,,,,,,,,,,,,,,,,
261,"Салфетка бумажная, упак. 100 шт.",,,,,,,,,,,,,,,,,,,1.0,25069.0,1.0,25069.0,,,,,,,,,,
262,"Саморез 4,2*19",,,,,,,,,,,,,,,,,,,,,,,,,,,1.0,233.82,,,1.0,233.82
263,"Саморез 4,2*32 ШСММ с прессшайбой",1.0,219.35,,,,,1.0,219.35,1.0,219.35,,,,,1.0,219.35,1.0,219.35,,,,,1.0,219.35,1.0,219.35,,,1.0,219.35,,
264,"Саморез FT-3,5х32 по дереву (крупный шаг)",,,,,,,,,,,,,,,,,,,,,,,,,,,1000.0,1100.0,,,1000.0,1100.0
265,Саморез Tech-krep 3.5*16 ШСГД редкая резьба,1.0,312.0,,,,,1.0,312.0,1.0,312.0,,,,,1.0,312.0,1.0,312.0,,,,,1.0,312.0,1.0,312.0,,,,,1.0,312.0
266,"Саморез ШСГМ 3,5*51",1.0,170.6,,,,,1.0,170.6,1.0,170.6,,,,,1.0,170.6,1.0,170.6,,,,,1.0,170.6,1.0,170.6,,,,,1.0,170.6
267,Саморез ШСММ прессшайба 4.2х25,,,,,,,,,,,,,,,,,,,,,,,,,,,3.0,656.7,3.0,656.7,,
268,"Саморез по дереву 3,5*41 мм частая резьба",,,,,,,,,,,,,,,,,,,,,,,,,,,1000.0,990.0,,,1000.0,990.0
269,"Саморез прессшайба ШСММ 4,2*19 мм острый оцинкованный, шлиц PY2",1.0,175.5,,,,,1.0,175.5,1.0,175.5,,,,,1.0,175.5,1.0,175.5,,,,,1.0,175.5,1.0,175.5,,,1.0,175.5,,
270,"Саморез с потайной головкой под крест, 3.5 Х 16",,,,,,,,,,,,,,,,,,,,,,,,,,,1.0,507.45,,,1.0,507.45
271,"Саморез с прессшайбой сверло 4,2*25 ШСММ",1.0,195.0,,,,,1.0,195.0,1.0,195.0,,,,,1.0,195.0,1.0,195.0,,,,,1.0,195.0,1.0,195.0,,,1.0,195.0,,
272,"Саморезы ЗУБР универсальные фосфатированные по дереву 3,5х25 мм, упаковка - 600 шт.",,,,,,,,,,,,,,,,,,,,,,,,,,,2.0,1184.04,,,2.0,1184.04
273,"Саморезы универсальные оцинкованные 3,5*30 мм",1000.0,2340.0,,,,,1000.0,2340.0,1000.0,2340.0,,,,,1000.0,2340.0,1000.0,2340.0,,,,,1000.0,2340.0,1000.0,2340.0,,,500.0,1170.0,500.0,1170.0
274,Самоспасатель пожарный изолирующий СПИ-20М,,,,,,,,,,,8.0,43120.0,6.0,32340.0,2.0,10780.0,2.0,10780.0,,,,,2.0,10780.0,2.0,10780.0,,,,,2.0,10780.0
275,Сверло HSS 3*61 мм по металлу,3.0,175.35,,,,,3.0,175.35,3.0,175.35,,,,,3.0,175.35,3.0,175.35,,,,,3.0,175.35,3.0,175.35,,,,,3.0,175.35
276,Сверло по кафелю и стеклу Курс 6 мм,12.0,1062.12,,,,,12.0,1062.12,12.0,1062.12,,,,,12.0,1062.12,12.0,1062.12,,,,,12.0,1062.12,12.0,1062.12,,,1.0,88.51,11.0,973.61
277,Сверло по металлу 3х61 мм,,,,,,,,,,,,,,,,,,,,,,,,,,,25.0,2636.75,,,25.0,2636.75
278,Сверло по металлу HSS-CO (3.5*70*39 mm),4.0,249.84,,,,,4.0,249.84,4.0,249.84,,,,,4.0,249.84,4.0,249.84,,,,,4.0,249.84,4.0,249.84,,,,,4.0,249.84
279,Сверло по металлу HSS-Co 4.5*80 мм Dexter Pro,8.0,601.2,,,,,8.0,601.2,8.0,601.2,,,,,8.0,601.2,8.0,601.2,,,,,8.0,601.2,8.0,601.2,,,,,8.0,601.2
280,Сверло по металлу HSS; 6х93,,,,,,,,,,,,,,,,,,,,,,,,,,,15.0,2716.35,,,15.0,2716.35
281,"Сверло спиральное HSS 6.0*93mm ""MP 10",4.0,367.4,,,,,4.0,367.4,4.0,367.4,,,,,4.0,367.4,4.0,367.4,,,,,4.0,367.4,4.0,367.4,,,,,4.0,367.4
282,"Сетевой фильтр DEFENDER ES, 5 розеток, 5 м, белый, 99483",3.0,945.39,,,3.0,945.39,,,,,,,,,,,,,,,,,,,,,,,,,,
283,"Сетевой фильтр Defender DFS 153,6роз./3м/10А/125Дж,черный",36.0,8733.6,,,,,36.0,8733.6,36.0,8733.6,,,2.0,485.2,34.0,8248.4,34.0,8248.4,,,3.0,727.8,31.0,7520.6,31.0,7520.6,,,6.0,1455.6,25.0,6065.0
284,"Сетевой фильтр Defender DFS 605.6роз./5м/10А/220Дж,белый",86.0,33279.42,,,,,86.0,33279.42,86.0,33279.42,,,,,86.0,33279.42,86.0,33279.42,,,17.0,6578.49,69.0,26700.93,69.0,26700.93,,,13.0,5030.61,56.0,21670.32
285,"Сетевой фильтр PILOT-S.6роз./5м/10Ф/80ДЖ, белый",48.0,35217.6,,,1.0,733.7,47.0,34483.9,47.0,34483.9,,,,,47.0,34483.9,47.0,34483.9,,,,,47.0,34483.9,47.0,34483.9,,,7.0,5135.9,40.0,29348.0
286,"Сетевой фильтр PILOT-S.6роз./7м/10А/80Дж,белый",33.0,28063.53,,,,,33.0,28063.53,33.0,28063.53,,,1.0,850.41,32.0,27213.12,32.0,27213.12,,,,,32.0,27213.12,32.0,27213.12,,,,,32.0,27213.12
287,Силиконовая смазка 400 мл Akfix YA14,,,7.0,2419.2,,,7.0,2419.2,7.0,2419.2,,,,,7.0,2419.2,7.0,2419.2,,,5.0,1728.0,2.0,691.2,2.0,691.2,,,,,2.0,691.2
288,Силиконовая смазка 400 мл. Akfiks YA14,1.0,258.85,,,,,1.0,258.85,1.0,258.85,,,1.0,258.85,,,,,,,,,,,,,,,,,,
289,"Силиконовый герметик, прозрачный SOUDAL PROFIL",6.0,1017.0,,,,,6.0,1017.0,6.0,1017.0,,,,,6.0,1017.0,6.0,1017.0,,,,,6.0,1017.0,6.0,1017.0,,,,,6.0,1017.0
290,"Скобы для степлера BRAUBERG, №23/10, 1000 штук, до 50 листов",,,,,,,,,,,15.0,2448.0,15.0,2448.0,,,,,,,,,,,,,,,,,,
291,"Скобы для степлера BRAUBERG, №23/13, 1000 штук, до 80 листов",,,,,,,,,,,15.0,2844.0,15.0,2844.0,,,,,,,,,,,,,,,,,,
292,Скобы для степлера №10 Attache оцинкованные (1000 штук в упаковке),,,,,,,,,,,,,,,,,,,,,,,,,,,200.0,2042.0,200.0,2042.0,,
293,"Скобы для степлера №23/8, 1000 штук, BRAUBERG, от 10 до 40 листов",,,,,,,,,,,15.0,1944.0,15.0,1944.0,,,,,,,,,,,,,,,,,,
294,"Скрепки Attache треугольные 25 мм, никелированные 100 шт. в карт. уп.",,,,,,,,,,,,,,,,,,,,,,,,,,,180.0,3380.4,180.0,3380.4,,
295,Скрепки-шина DURABLE 2901-02 на 60 листов белая,,,,,,,,,,,100.0,4968.0,100.0,4968.0,,,,,,,,,,,,,,,,,,
296,"Смарт-карта ""iClass""",,,,,,,,,,,,,,,,,,,,,,,,,,,95.0,48538.35,95.0,48538.35,,
297,Сменное жало держатель для бит Dexter,1.0,321.75,,,,,1.0,321.75,1.0,321.75,,,,,1.0,321.75,1.0,321.75,,,,,1.0,321.75,1.0,321.75,,,,,1.0,321.75
298,Сменный баллон Discover Ocen к автоматическому освежителю воздуха,148.0,51386.93,,,148.0,51386.93,,,,,,,,,,,,,,,,,,,,,,,,,,
299,Соединительная клемма 221-415,29.0,1615.88,,,,,29.0,1615.88,29.0,1615.88,,,16.0,891.52,13.0,724.36,13.0,724.36,,,,,13.0,724.36,13.0,724.36,,,,,13.0,724.36
300,Средство для мытья посуды Grass Velly,,,,,,,,,,,,,,,,,,,110.0,14987.5,110.0,14987.5,,,,,,,,,,
301,Стакан одноразовый,,,900.0,72000.0,900.0,72000.0,,,,,,,,,,,,,,,,,,,,,,,,,,
302,Стакан одноразовый пластиковый 200 мл,,,,,,,,,,,,,,,,,,,,,,,,,,,285.0,19981.35,285.0,19981.35,,
303,"Стакан одноразовый, упак. 100 шт",,,,,,,,,,,,,,,,,,,120.0,9003.6,120.0,9003.6,,,,,,,,,,
304,Стекло для пожарного шкафа ТОИР-М,2.0,79.0,,,,,2.0,79.0,2.0,79.0,,,,,2.0,79.0,2.0,79.0,,,,,2.0,79.0,2.0,79.0,,,,,2.0,79.0
305,"Степлер KW-trio мощный №23/6 - 23/13, на 100 листов, серый/черный",,,,,,,,,,,5.0,11975.1,5.0,11975.1,,,,,,,,,,,,,,,,,,
306,"Степлер №10 BRAUBERG «Extra», до 20 листов, антистеплер, черный 229078",,,,,,,,,,,,,,,,,,,,,,,,,,,200.0,18692.0,200.0,18692.0,,
307,"Степлер №10 BRAUBERG «Super», до 20 листов, антистеплер, черно-красный, 229079",,,,,,,,,,,200.0,39660.0,200.0,39660.0,,,,,,,,,,,,,,,,,,
308,Стойка под считыватель,,,,,,,,,,,,,,,,,,,,,,,,,,,2.0,9900.0,,,2.0,9900.0
309,"Стол приставной на металлокаркасе коллекции Тандем-А, 60*60*75 см цвет дуб альпийский арт. ПК-ТНА-СТП60*60-В2-30",5.0,46703.25,,,,,5.0,46703.25,5.0,46703.25,,,,,5.0,46703.25,5.0,46703.25,,,,,5.0,46703.25,5.0,46703.25,,,,,5.0,46703.25
310,"Стол туристический, складной 120х60х70 см",,,,,,,,,,,,,,,,,,,,,,,,,,,3.0,9579.0,,,3.0,9579.0
311,"Стрейч-пленка для ручной упаковки 50 см х 169 м, 20 мкм, 1,55 кг - нетто, ПЕРВИЧНОЕ СЫРЬЕ, растяжение 300%",,,,,,,,,,,,,,,,,,,30.0,7517.4,,,30.0,7517.4,30.0,7517.4,,,5.0,1252.9,25.0,6264.5
312,"Стрейч-пленка для ручной упаковки, 20мкм*50 см*220 м,престрейч 180%, 6 шт. в упак.",5.0,8242.5,,,1.0,1648.5,4.0,6594.0,4.0,6594.0,,,,,4.0,6594.0,4.0,6594.0,,,,,4.0,6594.0,4.0,6594.0,,,4.0,6594.0,,
313,"Стяжка межсекционная мебельная, М6*30",100.0,401.0,,,,,100.0,401.0,100.0,401.0,,,,,100.0,401.0,100.0,401.0,,,,,100.0,401.0,100.0,401.0,,,,,100.0,401.0
314,Считыватель RP10 multiCLASS SE черного цвета,,,,,,,,,,,,,,,,,,,,,,,,,,,2.0,18052.8,,,2.0,18052.8
315,Табличка на стену 160х100мм,,,,,,,,,,,,,,,,,,,,,,,,,,,1.0,1678.27,,,1.0,1678.27
316,Табличка на стену 270х100мм,,,,,,,,,,,,,,,,,,,,,,,,,,,1.0,1963.27,,,1.0,1963.27
317,Табличка на стену 480х100мм,,,,,,,,,,,,,,,,,,,,,,,,,,,2.0,4845.0,,,2.0,4845.0
318,Телескопический удлинитель для малярных валиков,3.0,876.75,,,,,3.0,876.75,3.0,876.75,,,,,3.0,876.75,3.0,876.75,,,,,3.0,876.75,3.0,876.75,,,,,3.0,876.75
319,Термос армейский ТВН-12л,,,,,,,,,,,,,,,,,,,,,,,,,,,1.0,7000.0,,,1.0,7000.0
320,Топор 1000 грамм с фибергласовой рукояткой АНТ10-1,,,,,,,,,,,,,,,,,,,,,,,,,,,1.0,561.0,,,1.0,561.0
321,"Точилка BRAUBERG «Drum Dual», 2 отверстия для чернографитных карандашей (в том числе утолщенных), с контейнером, 228436",,,,,,,,,,,300.0,12870.0,300.0,12870.0,,,,,,,,,,,,,,,,,,
322,"Туалетная бумага 2 сл. Proff Comfort 170м 100% целлюлоза, с перфорацией ( арт.100050)",,,,,,,,,,,,,,,,,,,1.0,121329.0,1.0,121329.0,,,,,,,,,,
323,"Туалетная бумага Tork T2 Advanced (120231), упак. 12 шк",,,91.0,216903.96,91.0,216903.96,,,,,,,,,,,,,,,,,,,,,,,,,,
324,"Туалетная бумага Т204, 2 слойная Veiro Professional Comfort 170 метров 1360 листов",,,,,,,,,,,,,,,,,,,,,,,,,,,27.0,37120.68,27.0,37120.68,,
325,"Тубус Стамм на ремне 64362 (длина 63-110 см, диаметр 9 см, черный)",,,,,,,,,,,2.0,4383.6,2.0,4383.6,,,,,,,,,,,,,,,,,,
326,Уголок крепежный услиенный 50*50*35*2 мм,26.0,434.2,,,,,26.0,434.2,26.0,434.2,,,,,26.0,434.2,26.0,434.2,,,,,26.0,434.2,26.0,434.2,,,22.0,367.4,4.0,66.8
327,"Удлинитель 25 м на катушке LUX ПВС 2*0,75, 4 розетки б/з 24025",3.0,3432.75,,,,,3.0,3432.75,3.0,3432.75,,,,,3.0,3432.75,3.0,3432.75,,,,,3.0,3432.75,3.0,3432.75,,,,,3.0,3432.75
328,"Удлинитель РАДИСТ ПРЕМИУМ P16-012, 3 розетки с заземлением, 7м, 3х0,75мм, 1300Вт, белый",13.0,3354.26,,,,,13.0,3354.26,13.0,3354.26,,,,,13.0,3354.26,13.0,3354.26,,,,,13.0,3354.26,13.0,3354.26,,,,,13.0,3354.26
329,"Удлинитель в бухте POWER CUBE, 1 розетка с заземлением, 10м, 3х0,75мм, 1300Вт, оранж, PC-EG1-B-10",3.0,1127.97,,,,,3.0,1127.97,3.0,1127.97,,,1.0,375.99,2.0,751.98,2.0,751.98,,,,,2.0,751.98,2.0,751.98,,,,,2.0,751.98
330,"Удостоверение ""О проверке знаний норм и правил работы в электроустановках""",,,,,,,,,,,100.0,3800.0,100.0,3800.0,,,,,,,,,,,,,,,,,,
331,"Удостоверение ""О проверке знаний требований охраны труда""",,,,,,,,,,,100.0,3040.0,100.0,3040.0,,,,,,,,,,,,,,,,,,
332,"Умывальник пластиковый, с краном и крышкой, 5л.",,,,,,,,,,,,,,,,,,,,,,,,,,,1.0,256.0,,,1.0,256.0
333,Факсимиле на GRM 4927 P3 Hummer 60x40 мм,,,,,,,,,,,,,,,,,,,1.0,900.0,,,1.0,900.0,1.0,900.0,,,1.0,900.0,,
334,Факсимиле на оснастке GRM 4912_P3 47х18 мм,,,1.0,600.0,1.0,600.0,,,,,,,,,,,,,,,,,,,,,,,,,,
335,Факсимиле на оснастке GRM 4912_P3 60х40 мм,,,2.0,1800.0,2.0,1800.0,,,,,,,,,,,,,,,,,,,,,,,,,,
336,Фильтр UNIX 522 марки А2В2Е2,4.0,2695.84,,,,,4.0,2695.84,4.0,2695.84,,,,,4.0,2695.84,4.0,2695.84,,,,,4.0,2695.84,4.0,2695.84,,,,,4.0,2695.84
337,Фильтр противоаэрозольный UNIX Р2,8.0,1300.64,,,,,8.0,1300.64,8.0,1300.64,,,,,8.0,1300.64,8.0,1300.64,,,,,8.0,1300.64,8.0,1300.64,,,,,8.0,1300.64
338,Фильтр противогазовый UNIX 522 А2В2Е2,,,,,,,,,,,,,,,,,,,4.0,13440.0,,,4.0,13440.0,4.0,13440.0,,,,,4.0,13440.0
339,Халат лаборант размер 104-108/170-176,,,,,,,,,,,,,,,,,,,1.0,732.0,,,1.0,732.0,1.0,732.0,,,,,1.0,732.0
340,Халат лаборант размер 120-124/182-188,,,,,,,,,,,,,,,,,,,1.0,732.0,,,1.0,732.0,1.0,732.0,,,,,1.0,732.0
341,Халат лаборант размер 96-100/170-176,,,,,,,,,,,,,,,,,,,1.0,732.0,,,1.0,732.0,1.0,732.0,,,,,1.0,732.0
342,Халат лаборант размер104-108/182-188,,,,,,,,,,,,,,,,,,,2.0,1464.0,,,2.0,1464.0,2.0,1464.0,,,,,2.0,1464.0
343,Халат мужской р. 104-108/182-188,1.0,1028.63,,,,,1.0,1028.63,1.0,1028.63,,,,,1.0,1028.63,1.0,1028.63,,,,,1.0,1028.63,1.0,1028.63,,,,,1.0,1028.63
344,"Хомут нейлоновый 9,0х500мм черный 25 шт",,,,,,,,,,,,,,,,,,,,,,,,,,,1.0,232.0,1.0,232.0,,
345,Цилиндровый механизм Apecs SC-60-NI (SC-60-Z-NI),,,,,,,,,,,,,,,,,,,,,,,,,,,5.0,4238.7,,,5.0,4238.7
346,Цилиндровый механизм Apecs SC-70-NI (SC-70-Z-NI),,,,,,,,,,,,,,,,,,,,,,,,,,,5.0,3233.75,1.0,646.75,4.0,2587.0
347,Цилиндровый механизм Apecs SM-80-NI,,,,,,,,,,,,,,,,,,,,,,,,,,,5.0,5024.75,1.0,1004.95,4.0,4019.8
348,"Чайник костровой, 3л.",,,,,,,,,,,,,,,,,,,,,,,,,,,2.0,2594.0,,,2.0,2594.0
349,Чашка для опечатывания с флажком,15.0,10998.0,,,,,15.0,10998.0,15.0,10998.0,,,,,15.0,10998.0,15.0,10998.0,,,,,15.0,10998.0,15.0,10998.0,,,,,15.0,10998.0
350,Чашка кофейная одноразовая,,,7.0,983.5,7.0,983.5,,,,,,,,,,,,,,,,,,,,,,,,,,
351,Чистящая жидкость-спрей BRAUBERG для маркерных досок,,,,,,,,,,,80.0,14337.6,,,80.0,14337.6,80.0,14337.6,,,80.0,14337.6,,,,,,,,,,
352,"Чистящие салфетки универсальные DEFENDER 30322, 100 влажных салфеток",,,,,,,,,,,,,,,,,,,,,,,,,,,180.0,13804.2,180.0,13804.2,,
353,Шайба DIN 9021 кузовная оцинкованная М8,,,,,,,,,,,,,,,,,,,,,,,,,,,50.0,203.5,,,50.0,203.5
354,Шайба кузовная оцинкованная DIN 9021 М6,,,,,,,,,,,,,,,,,,,,,,,,,,,50.0,77.0,,,50.0,77.0
355,"Шапка-ушанка ""Капитан"" размер 56",,,,,,,,,,,,,,,,,,,2.0,4290.0,2.0,4290.0,,,,,,,,,,
356,"Шапка-ушанка ""Капитан"" размер 58",,,,,,,,,,,,,,,,,,,4.0,8580.0,4.0,8580.0,,,,,,,,,,
357,"Шапка-ушанка ""Капитан"" размер 59",,,,,,,,,,,,,,,,,,,1.0,2145.0,1.0,2145.0,,,,,,,,,,
358,Шпатель KRAFTOOL 10035-100,,,2.0,840.64,,,2.0,840.64,2.0,840.64,,,,,2.0,840.64,2.0,840.64,,,,,2.0,840.64,2.0,840.64,,,1.0,420.32,1.0,420.32
359,Шпатель STAYER MASTER 60 мм 10041-06 Высота лезвия,,,2.0,359.2,,,2.0,359.2,2.0,359.2,,,,,2.0,359.2,2.0,359.2,,,1.0,179.6,1.0,179.6,1.0,179.6,,,1.0,179.6,,
360,Шпатель STAYERPROFESSIONAL 10045-20,,,2.0,1138.08,,,2.0,1138.08,2.0,1138.08,,,,,2.0,1138.08,2.0,1138.08,,,1.0,569.04,1.0,569.04,1.0,569.04,,,,,1.0,569.04
361,Штамп на оснастке GRM 4929 P3 Hummer (50х30)мм,,,,,,,,,,,5.0,4000.0,5.0,4000.0,,,,,,,,,,,,,,,,,,
362,Штамп самонаборный Colop Printer C20-Set пластиковый 4 строки,,,,,,,,,,,15.0,14604.3,15.0,14604.3,,,,,,,,,,,,,,,,,,
363,Штангенциркуль 150мм TOREX 31C615,1.0,579.64,,,,,1.0,579.64,1.0,579.64,,,,,1.0,579.64,1.0,579.64,,,,,1.0,579.64,1.0,579.64,,,,,1.0,579.64
364,Шуруп-крюк (HS) 6*60,26.0,434.2,,,,,26.0,434.2,26.0,434.2,,,,,26.0,434.2,26.0,434.2,,,,,26.0,434.2,26.0,434.2,,,,,26.0,434.2
365,Экран для вентиляционной решетки,,,,,,,,,,,,,,,,,,,20.0,48980.0,2.0,4898.0,18.0,44082.0,18.0,44082.0,,,,,18.0,44082.0
366,Экран для касетного кондиционера,,,,,,,,,,,,,,,,,,,54.0,115776.0,4.0,8576.0,50.0,107200.0,50.0,107200.0,,,,,50.0,107200.0
367,Экран для касетного кондиционера.,,,,,,,,,,,,,,,,,,,10.0,29240.0,,,10.0,29240.0,10.0,29240.0,,,,,10.0,29240.0
368,"Экран на рабочий стол коллекции Тандем-А,140*48 смс комплектом крепежа, арт.ПТ-ТНА-ЭКР 140*2/НК-В1/3-297",26.0,94075.8,,,,,26.0,94075.8,26.0,94075.8,,,,,26.0,94075.8,26.0,94075.8,,,,,26.0,94075.8,26.0,94075.8,,,,,26.0,94075.8
369,"Экран на рабочий стол коллекции Тандем-А,150*48 смс комплектом крепежа, арт.ПТ-ТНА-ЭКР 150*2/НК-В1/3-297",11.0,40312.8,,,,,11.0,40312.8,11.0,40312.8,,,,,11.0,40312.8,11.0,40312.8,,,,,11.0,40312.8,11.0,40312.8,,,,,11.0,40312.8
370,Экран настенного кондиционера,,,,,,,,,,,,,,,,,,,12.0,23388.0,8.0,15592.0,4.0,7796.0,4.0,7796.0,,,,,4.0,7796.0
371,Экран разделительный для стола из древесины (Древесных материалов),23.0,88067.23,,,,,23.0,88067.23,23.0,88067.23,,,,,23.0,88067.23,23.0,88067.23,,,,,23.0,88067.23,23.0,88067.23,,,,,23.0,88067.23
372,Экран фронтальный двухсторонний с тканевой накладкой,37.0,280312.0,,,,,37.0,280312.0,37.0,280312.0,,,,,37.0,280312.0,37.0,280312.0,,,,,37.0,280312.0,37.0,280312.0,,,,,37.0,280312.0
373,"Ящик для инструментов Органайзер Comfort 7,5 (BR3770)",,,,,,,,,,,,,,,,,,,,,,,,,,,4.0,481.56,2.0,240.78,2.0,240.78
374,"вода питьевая ""МИЯ"" 0,33 л. 24 бут/упак.",193.0,98244.72,,,130.0,66175.2,63.0,32069.52,63.0,32069.52,200.0,105600.0,70.0,36642.08,193.0,101027.44,193.0,101027.44,300.0,158400.0,298.0,156814.15,195.0,102613.29,195.0,102613.29,150.0,82437.0,234.0,125172.06,111.0,59878.23
375,пистолет для пены,4.0,2004.0,,,,,4.0,2004.0,4.0,2004.0,,,,,4.0,2004.0,4.0,2004.0,,,,,4.0,2004.0,4.0,2004.0,,,,,4.0,2004.0
376,саморезы универсальные оцинкованные 6*80,200.0,668.0,,,,,200.0,668.0,200.0,668.0,,,,,200.0,668.0,200.0,668.0,,,,,200.0,668.0,200.0,668.0,,,200.0,668.0,,
